content0, Demo Student
content1, Demo Student
content2, Demo Student
content3, Demo Student
content4, Demo Student
content5, Demo Student
content6, Demo Student
content7, Demo Student
content8, Demo Student
content9, Demo Student
content10, Demo Student
content11, Demo Student
content12, Demo Student
content13, Demo Student
content14, Demo Student
content15, Demo Student
content16, Demo Student
content17, Demo Student
content18, Demo Student
content19, Demo Student
content20, Demo Student
content21, Demo Student
content22, Demo Student
content23, Demo Student
content24, Demo Student
content25, Demo Student
content26, Demo Student
content27, Demo Student
content28, Demo Student
content29, Demo Student
content30, Demo Student
content31, Demo Student
content32, Demo Student
content33, Demo Student
content34, Demo Student
content35, Demo Student
content36, Demo Student
content37, Demo Student
content38, Demo Student
content39, Demo Student
content40, Demo Student
content41, Demo Student
content42, Demo Student
content43, Demo Student
content44, Demo Student
content45, Demo Student
content46, Demo Student
content47, Demo Student
content48, Demo Student
content49, Demo Student
content50, Demo Student
content51, Demo Student
content52, Demo Student
content53, Demo Student
content54, Demo Student
content55, Demo Student
content56, Demo Student
content57, Demo Student
content58, Demo Student
content59, Demo Student
content60, Demo Student
content61, Demo Student
content62, Demo Student
content63, Demo Student
content64, Demo Student
content65, Demo Student
content66, Demo Student
content67, Demo Student
content68, Demo Student
content69, Demo Student
content70, Demo Student
content71, Demo Student
content72, Demo Student
content73, Demo Student
content74, Demo Student
content75, Demo Student
content76, Demo Student
content77, Demo Student
content78, Demo Student
content79, Demo Student
content80, Demo Student
content81, Demo Student
content82, Demo Student
content83, Demo Student
content84, Demo Student
content85, Demo Student
content86, Demo Student
content87, Demo Student
content88, Demo Student
content89, Demo Student
content90, Demo Student
content91, Demo Student
content92, Demo Student
content93, Demo Student
content94, Demo Student
content95, Demo Student
content96, Demo Student
content97, Demo Student
content98, Demo Student
content99, Demo Student
content100, Demo Student
content101, Demo Student
content102, Demo Student
content103, Demo Student
content104, Demo Student
content105, Demo Student
content106, Demo Student
content107, Demo Student
content108, Demo Student
content109, Demo Student
content110, Demo Student
content111, Demo Student
content112, Demo Student
content113, Demo Student
content114, Demo Student
content115, Demo Student
content116, Demo Student
content117, Demo Student
content118, Demo Student
content119, Demo Student
content120, Demo Student
content121, Demo Student
content122, Demo Student
content123, Demo Student
content124, Demo Student
content125, Demo Student
content126, Demo Student
content127, Demo Student
content128, Demo Student
content129, Demo Student
content130, Demo Student
content131, Demo Student
content132, Demo Student
content133, Demo Student
content134, Demo Student
content135, Demo Student
content136, Demo Student
content137, Demo Student
content138, Demo Student
content139, Demo Student
content140, Demo Student
content141, Demo Student
content142, Demo Student
content143, Demo Student
content144, Demo Student
content145, Demo Student
content146, Demo Student
content147, Demo Student
content148, Demo Student
content149, Demo Student
content150, Demo Student
content151, Demo Student
content152, Demo Student
content153, Demo Student
content154, Demo Student
content155, Demo Student
content156, Demo Student
content157, Demo Student
content158, Demo Student
content159, Demo Student
content160, Demo Student
content161, Demo Student
content162, Demo Student
content163, Demo Student
content164, Demo Student
content165, Demo Student
content166, Demo Student
content167, Demo Student
content168, Demo Student
content169, Demo Student
content170, Demo Student
content171, Demo Student
content172, Demo Student
content173, Demo Student
content174, Demo Student
content175, Demo Student
content176, Demo Student
content177, Demo Student
content178, Demo Student
content179, Demo Student
content180, Demo Student
content181, Demo Student
content182, Demo Student
content183, Demo Student
content184, Demo Student
content185, Demo Student
content186, Demo Student
content187, Demo Student
content188, Demo Student
content189, Demo Student
content190, Demo Student
content191, Demo Student
content192, Demo Student
content193, Demo Student
content194, Demo Student
content195, Demo Student
content196, Demo Student
content197, Demo Student
content198, Demo Student
content199, Demo Student
content200, Demo Student
content201, Demo Student
content202, Demo Student
content203, Demo Student
content204, Demo Student
content205, Demo Student
content206, Demo Student
content207, Demo Student
content208, Demo Student
content209, Demo Student
content210, Demo Student
content211, Demo Student
content212, Demo Student
content213, Demo Student
content214, Demo Student
content215, Demo Student
content216, Demo Student
content217, Demo Student
content218, Demo Student
content219, Demo Student
content220, Demo Student
content221, Demo Student
content222, Demo Student
content223, Demo Student
content224, Demo Student
content225, Demo Student
content226, Demo Student
content227, Demo Student
content228, Demo Student
content229, Demo Student
content230, Demo Student
content231, Demo Student
content232, Demo Student
content233, Demo Student
content234, Demo Student
content235, Demo Student
content236, Demo Student
content237, Demo Student
content238, Demo Student
content239, Demo Student
content240, Demo Student
content241, Demo Student
content242, Demo Student
content243, Demo Student
content244, Demo Student
content245, Demo Student
content246, Demo Student
content247, Demo Student
content248, Demo Student
content249, Demo Student
content250, Demo Student
content251, Demo Student
content252, Demo Student
content253, Demo Student
content254, Demo Student
content255, Demo Student
content256, Demo Student
content257, Demo Student
content258, Demo Student
content259, Demo Student
content260, Demo Student
content261, Demo Student
content262, Demo Student
content263, Demo Student
content264, Demo Student
content265, Demo Student
content266, Demo Student
content267, Demo Student
content268, Demo Student
content269, Demo Student
content270, Demo Student
content271, Demo Student
content272, Demo Student
content273, Demo Student
content274, Demo Student
content275, Demo Student
content276, Demo Student
content277, Demo Student
content278, Demo Student
content279, Demo Student
content280, Demo Student
content281, Demo Student
content282, Demo Student
content283, Demo Student
content284, Demo Student
content285, Demo Student
content286, Demo Student
content287, Demo Student
content288, Demo Student
content289, Demo Student
content290, Demo Student
content291, Demo Student
content292, Demo Student
content293, Demo Student
content294, Demo Student
content295, Demo Student
content296, Demo Student
content297, Demo Student
content298, Demo Student
content299, Demo Student
content300, Demo Student
content301, Demo Student
content302, Demo Student
content303, Demo Student
content304, Demo Student
content305, Demo Student
content306, Demo Student
content307, Demo Student
content308, Demo Student
content309, Demo Student
content310, Demo Student
content311, Demo Student
content312, Demo Student
content313, Demo Student
content314, Demo Student
content315, Demo Student
content316, Demo Student
content317, Demo Student
content318, Demo Student
content319, Demo Student
content320, Demo Student
content321, Demo Student
content322, Demo Student
content323, Demo Student
content324, Demo Student
content325, Demo Student
content326, Demo Student
content327, Demo Student
content328, Demo Student
content329, Demo Student
content330, Demo Student
content331, Demo Student
content332, Demo Student
content333, Demo Student
content334, Demo Student
content335, Demo Student
content336, Demo Student
content337, Demo Student
content338, Demo Student
content339, Demo Student
content340, Demo Student
content341, Demo Student
content342, Demo Student
content343, Demo Student
content344, Demo Student
content345, Demo Student
content346, Demo Student
content347, Demo Student
content348, Demo Student
content349, Demo Student
content350, Demo Student
content351, Demo Student
content352, Demo Student
content353, Demo Student
content354, Demo Student
content355, Demo Student
content356, Demo Student
content357, Demo Student
content358, Demo Student
content359, Demo Student
content360, Demo Student
content361, Demo Student
content362, Demo Student
content363, Demo Student
content364, Demo Student
content365, Demo Student
content366, Demo Student
content367, Demo Student
content368, Demo Student
content369, Demo Student
content370, Demo Student
content371, Demo Student
content372, Demo Student
content373, Demo Student
content374, Demo Student
content375, Demo Student
content376, Demo Student
content377, Demo Student
content378, Demo Student
content379, Demo Student
content380, Demo Student
content381, Demo Student
content382, Demo Student
content383, Demo Student
content384, Demo Student
content385, Demo Student
content386, Demo Student
content387, Demo Student
content388, Demo Student
content389, Demo Student
content390, Demo Student
content391, Demo Student
content392, Demo Student
content393, Demo Student
content394, Demo Student
content395, Demo Student
content396, Demo Student
content397, Demo Student
content398, Demo Student
content399, Demo Student
content400, Demo Student
content401, Demo Student
content402, Demo Student
content403, Demo Student
content404, Demo Student
content405, Demo Student
content406, Demo Student
content407, Demo Student
content408, Demo Student
content409, Demo Student
content410, Demo Student
content411, Demo Student
content412, Demo Student
content413, Demo Student
content414, Demo Student
content415, Demo Student
content416, Demo Student
content417, Demo Student
content418, Demo Student
content419, Demo Student
content420, Demo Student
content421, Demo Student
content422, Demo Student
content423, Demo Student
content424, Demo Student
content425, Demo Student
content426, Demo Student
content427, Demo Student
content428, Demo Student
content429, Demo Student
content430, Demo Student
content431, Demo Student
content432, Demo Student
content433, Demo Student
content434, Demo Student
content435, Demo Student
content436, Demo Student
content437, Demo Student
content438, Demo Student
content439, Demo Student
content440, Demo Student
content441, Demo Student
content442, Demo Student
content443, Demo Student
content444, Demo Student
content445, Demo Student
content446, Demo Student
content447, Demo Student
content448, Demo Student
content449, Demo Student
content450, Demo Student
content451, Demo Student
content452, Demo Student
content453, Demo Student
content454, Demo Student
content455, Demo Student
content456, Demo Student
content457, Demo Student
content458, Demo Student
content459, Demo Student
content460, Demo Student
content461, Demo Student
content462, Demo Student
content463, Demo Student
content464, Demo Student
content465, Demo Student
content466, Demo Student
content467, Demo Student
content468, Demo Student
content469, Demo Student
content470, Demo Student
content471, Demo Student
content472, Demo Student
content473, Demo Student
content474, Demo Student
content475, Demo Student
content476, Demo Student
content477, Demo Student
content478, Demo Student
content479, Demo Student
content480, Demo Student
content481, Demo Student
content482, Demo Student
content483, Demo Student
content484, Demo Student
content485, Demo Student
content486, Demo Student
content487, Demo Student
content488, Demo Student
content489, Demo Student
content490, Demo Student
content491, Demo Student
content492, Demo Student
content493, Demo Student
content494, Demo Student
content495, Demo Student
content496, Demo Student
content497, Demo Student
content498, Demo Student
content499, Demo Student
content500, Demo Student
content501, Demo Student
content502, Demo Student
content503, Demo Student
content504, Demo Student
content505, Demo Student
content506, Demo Student
content507, Demo Student
content508, Demo Student
content509, Demo Student
content510, Demo Student
content511, Demo Student
content512, Demo Student
content513, Demo Student
content514, Demo Student
content515, Demo Student
content516, Demo Student
content517, Demo Student
content518, Demo Student
content519, Demo Student
content520, Demo Student
content521, Demo Student
content522, Demo Student
content523, Demo Student
content524, Demo Student
content525, Demo Student
content526, Demo Student
content527, Demo Student
content528, Demo Student
content529, Demo Student
content530, Demo Student
content531, Demo Student
content532, Demo Student
content533, Demo Student
content534, Demo Student
content535, Demo Student
content536, Demo Student
content537, Demo Student
content538, Demo Student
content539, Demo Student
content540, Demo Student
content541, Demo Student
content542, Demo Student
content543, Demo Student
content544, Demo Student
content545, Demo Student
content546, Demo Student
content547, Demo Student
content548, Demo Student
content549, Demo Student
content550, Demo Student
content551, Demo Student
content552, Demo Student
content553, Demo Student
content554, Demo Student
content555, Demo Student
content556, Demo Student
content557, Demo Student
content558, Demo Student
content559, Demo Student
content560, Demo Student
content561, Demo Student
content562, Demo Student
content563, Demo Student
content564, Demo Student
content565, Demo Student
content566, Demo Student
content567, Demo Student
content568, Demo Student
content569, Demo Student
content570, Demo Student
content571, Demo Student
content572, Demo Student
content573, Demo Student
content574, Demo Student
content575, Demo Student
content576, Demo Student
content577, Demo Student
content578, Demo Student
content579, Demo Student
content580, Demo Student
content581, Demo Student
content582, Demo Student
content583, Demo Student
content584, Demo Student
content585, Demo Student
content586, Demo Student
content587, Demo Student
content588, Demo Student
content589, Demo Student
content590, Demo Student
content591, Demo Student
content592, Demo Student
content593, Demo Student
content594, Demo Student
content595, Demo Student
content596, Demo Student
content597, Demo Student
content598, Demo Student
content599, Demo Student
content600, Demo Student
content601, Demo Student
content602, Demo Student
content603, Demo Student
content604, Demo Student
content605, Demo Student
content606, Demo Student
content607, Demo Student
content608, Demo Student
content609, Demo Student
content610, Demo Student
content611, Demo Student
content612, Demo Student
content613, Demo Student
content614, Demo Student
content615, Demo Student
content616, Demo Student
content617, Demo Student
content618, Demo Student
content619, Demo Student
content620, Demo Student
content621, Demo Student
content622, Demo Student
content623, Demo Student
content624, Demo Student
content625, Demo Student
content626, Demo Student
content627, Demo Student
content628, Demo Student
content629, Demo Student
content630, Demo Student
content631, Demo Student
content632, Demo Student
content633, Demo Student
content634, Demo Student
content635, Demo Student
content636, Demo Student
content637, Demo Student
content638, Demo Student
content639, Demo Student
content640, Demo Student
content641, Demo Student
content642, Demo Student
content643, Demo Student
content644, Demo Student
content645, Demo Student
content646, Demo Student
content647, Demo Student
content648, Demo Student
content649, Demo Student
content650, Demo Student
content651, Demo Student
content652, Demo Student
content653, Demo Student
content654, Demo Student
content655, Demo Student
content656, Demo Student
content657, Demo Student
content658, Demo Student
content659, Demo Student
content660, Demo Student
content661, Demo Student
content662, Demo Student
content663, Demo Student
content664, Demo Student
content665, Demo Student
content666, Demo Student
content667, Demo Student
content668, Demo Student
content669, Demo Student
content670, Demo Student
content671, Demo Student
content672, Demo Student
content673, Demo Student
content674, Demo Student
content675, Demo Student
content676, Demo Student
content677, Demo Student
content678, Demo Student
content679, Demo Student
content680, Demo Student
content681, Demo Student
content682, Demo Student
content683, Demo Student
content684, Demo Student
content685, Demo Student
content686, Demo Student
content687, Demo Student
content688, Demo Student
content689, Demo Student
content690, Demo Student
content691, Demo Student
content692, Demo Student
content693, Demo Student
content694, Demo Student
content695, Demo Student
content696, Demo Student
content697, Demo Student
content698, Demo Student
content699, Demo Student
content700, Demo Student
content701, Demo Student
content702, Demo Student
content703, Demo Student
content704, Demo Student
content705, Demo Student
content706, Demo Student
content707, Demo Student
content708, Demo Student
content709, Demo Student
content710, Demo Student
content711, Demo Student
content712, Demo Student
content713, Demo Student
content714, Demo Student
content715, Demo Student
content716, Demo Student
content717, Demo Student
content718, Demo Student
content719, Demo Student
content720, Demo Student
content721, Demo Student
content722, Demo Student
content723, Demo Student
content724, Demo Student
content725, Demo Student
content726, Demo Student
content727, Demo Student
content728, Demo Student
content729, Demo Student
content730, Demo Student
content731, Demo Student
content732, Demo Student
content733, Demo Student
content734, Demo Student
content735, Demo Student
content736, Demo Student
content737, Demo Student
content738, Demo Student
content739, Demo Student
content740, Demo Student
content741, Demo Student
content742, Demo Student
content743, Demo Student
content744, Demo Student
content745, Demo Student
content746, Demo Student
content747, Demo Student
content748, Demo Student
content749, Demo Student
content750, Demo Student
content751, Demo Student
content752, Demo Student
content753, Demo Student
content754, Demo Student
content755, Demo Student
content756, Demo Student
content757, Demo Student
content758, Demo Student
content759, Demo Student
content760, Demo Student
content761, Demo Student
content762, Demo Student
content763, Demo Student
content764, Demo Student
content765, Demo Student
content766, Demo Student
content767, Demo Student
content768, Demo Student
content769, Demo Student
content770, Demo Student
content771, Demo Student
content772, Demo Student
content773, Demo Student
content774, Demo Student
content775, Demo Student
content776, Demo Student
content777, Demo Student
content778, Demo Student
content779, Demo Student
content780, Demo Student
content781, Demo Student
content782, Demo Student
content783, Demo Student
content784, Demo Student
content785, Demo Student
content786, Demo Student
content787, Demo Student
content788, Demo Student
content789, Demo Student
content790, Demo Student
content791, Demo Student
content792, Demo Student
content793, Demo Student
content794, Demo Student
content795, Demo Student
content796, Demo Student
content797, Demo Student
content798, Demo Student
content799, Demo Student
content800, Demo Student
content801, Demo Student
content802, Demo Student
content803, Demo Student
content804, Demo Student
content805, Demo Student
content806, Demo Student
content807, Demo Student
content808, Demo Student
content809, Demo Student
content810, Demo Student
content811, Demo Student
content812, Demo Student
content813, Demo Student
content814, Demo Student
content815, Demo Student
content816, Demo Student
content817, Demo Student
content818, Demo Student
content819, Demo Student
content820, Demo Student
content821, Demo Student
content822, Demo Student
content823, Demo Student
content824, Demo Student
content825, Demo Student
content826, Demo Student
content827, Demo Student
content828, Demo Student
content829, Demo Student
content830, Demo Student
content831, Demo Student
content832, Demo Student
content833, Demo Student
content834, Demo Student
content835, Demo Student
content836, Demo Student
content837, Demo Student
content838, Demo Student
content839, Demo Student
content840, Demo Student
content841, Demo Student
content842, Demo Student
content843, Demo Student
content844, Demo Student
content845, Demo Student
content846, Demo Student
content847, Demo Student
content848, Demo Student
content849, Demo Student
content850, Demo Student
content851, Demo Student
content852, Demo Student
content853, Demo Student
content854, Demo Student
content855, Demo Student
content856, Demo Student
content857, Demo Student
content858, Demo Student
content859, Demo Student
content860, Demo Student
content861, Demo Student
content862, Demo Student
content863, Demo Student
content864, Demo Student
content865, Demo Student
content866, Demo Student
content867, Demo Student
content868, Demo Student
content869, Demo Student
content870, Demo Student
content871, Demo Student
content872, Demo Student
content873, Demo Student
content874, Demo Student
content875, Demo Student
content876, Demo Student
content877, Demo Student
content878, Demo Student
content879, Demo Student
content880, Demo Student
content881, Demo Student
content882, Demo Student
content883, Demo Student
content884, Demo Student
content885, Demo Student
content886, Demo Student
content887, Demo Student
content888, Demo Student
content889, Demo Student
content890, Demo Student
content891, Demo Student
content892, Demo Student
content893, Demo Student
content894, Demo Student
content895, Demo Student
content896, Demo Student
content897, Demo Student
content898, Demo Student
content899, Demo Student
content900, Demo Student
content901, Demo Student
content902, Demo Student
content903, Demo Student
content904, Demo Student
content905, Demo Student
content906, Demo Student
content907, Demo Student
content908, Demo Student
content909, Demo Student
content910, Demo Student
content911, Demo Student
content912, Demo Student
content913, Demo Student
content914, Demo Student
content915, Demo Student
content916, Demo Student
content917, Demo Student
content918, Demo Student
content919, Demo Student
content920, Demo Student
content921, Demo Student
content922, Demo Student
content923, Demo Student
content924, Demo Student
content925, Demo Student
content926, Demo Student
content927, Demo Student
content928, Demo Student
content929, Demo Student
content930, Demo Student
content931, Demo Student
content932, Demo Student
content933, Demo Student
content934, Demo Student
content935, Demo Student
content936, Demo Student
content937, Demo Student
content938, Demo Student
content939, Demo Student
content940, Demo Student
content941, Demo Student
content942, Demo Student
content943, Demo Student
content944, Demo Student
content945, Demo Student
content946, Demo Student
content947, Demo Student
content948, Demo Student
content949, Demo Student
content950, Demo Student
content951, Demo Student
content952, Demo Student
content953, Demo Student
content954, Demo Student
content955, Demo Student
content956, Demo Student
content957, Demo Student
content958, Demo Student
content959, Demo Student
content960, Demo Student
content961, Demo Student
content962, Demo Student
content963, Demo Student
content964, Demo Student
content965, Demo Student
content966, Demo Student
content967, Demo Student
content968, Demo Student
content969, Demo Student
content970, Demo Student
content971, Demo Student
content972, Demo Student
content973, Demo Student
content974, Demo Student
content975, Demo Student
content976, Demo Student
content977, Demo Student
content978, Demo Student
content979, Demo Student
content980, Demo Student
content981, Demo Student
content982, Demo Student
content983, Demo Student
content984, Demo Student
content985, Demo Student
content986, Demo Student
content987, Demo Student
content988, Demo Student
content989, Demo Student
content990, Demo Student
content991, Demo Student
content992, Demo Student
content993, Demo Student
content994, Demo Student
content995, Demo Student
content996, Demo Student
content997, Demo Student
content998, Demo Student
content999, Demo Student
